gfx,cu_num,M,N,K,q_dtype_w,libtype,kernelId,splitK,us,kernelName,tflops,bw,errRatio
gfx942,80,1,640,2560,torch.float8_e4m3fnuz,ck,10,0,4.7872,a8w8_bpreshuffle_128x16x32x512_16x16_16x16_32x4x1_32x4x1_1x16x1x8_4x4x1_1x1_intrawave_v1,0.68,343.05,0.0
gfx942,80,2,640,2560,torch.float8_e4m3fnuz,ck,10,0,5.0501,a8w8_bpreshuffle_128x16x32x512_16x16_16x16_32x4x1_32x4x1_1x16x1x8_4x4x1_1x1_intrawave_v1,1.3,325.95,0.0
gfx942,80,4,640,2560,torch.float8_e4m3fnuz,cktile,30,0,5.5465,a8w8_bpreshuffle_cktile_0x0x8x4x1x0x0x0x0x2_16x64x512_1x4x1_16x16x64_default,2.36,298.16,0.0
gfx942,80,8,640,2560,torch.float8_e4m3fnuz,ck,10,0,4.9372,a8w8_bpreshuffle_128x16x32x512_16x16_16x16_32x4x1_32x4x1_1x16x1x8_4x4x1_1x1_intrawave_v1,5.31,338.07,0.0
gfx942,80,16,640,2560,torch.float8_e4m3fnuz,cktile,144,0,5.6555,a8w8_bpreshuffle_cktile_0x0x8x4x1x0x0x0x0x4_16x64x512_1x4x1_16x16x64_default,9.27,300.56,0.0
gfx942,80,32,640,2560,torch.float8_e4m3fnuz,ck,10,0,5.0475,a8w8_bpreshuffle_128x16x32x512_16x16_16x16_32x4x1_32x4x1_1x16x1x8_4x4x1_1x1_intrawave_v1,20.77,348.94,0.0
gfx942,80,64,640,2560,torch.float8_e4m3fnuz,ck,10,0,5.0778,a8w8_bpreshuffle_128x16x32x512_16x16_16x16_32x4x1_32x4x1_1x16x1x8_4x4x1_1x1_intrawave_v1,41.3,371.06,0.0
gfx942,80,128,640,2560,torch.float8_e4m3fnuz,ck,11,0,5.6128,a8w8_bpreshuffle_256x16x64x512_16x16_16x16_32x8x1_32x8x1_1x16x1x16_4x4x1_1x1_intrawave_v1,74.73,379.48,0.0
gfx942,80,256,640,2560,torch.float8_e4m3fnuz,cktile,157,0,7.6179,a8w8_bpreshuffle_cktile_0x0x8x4x1x0x0x0x0x3_32x64x512_1x4x1_16x16x64_default,110.12,344.12,0.0
gfx942,80,512,640,2560,torch.float8_e4m3fnuz,cktile,157,0,10.7447,a8w8_bpreshuffle_cktile_0x0x8x4x1x0x0x0x0x3_32x64x512_1x4x1_16x16x64_default,156.14,335.47,0.0
gfx942,80,1024,640,2560,torch.float8_e4m3fnuz,cktile,45,0,16.6032,a8w8_bpreshuffle_cktile_0x0x8x4x1x0x0x0x0x2_32x128x128_1x4x1_16x16x64_default,202.1,335.51,0.0
gfx942,80,2048,640,2560,torch.float8_e4m3fnuz,ck,121,0,22.0375,a8w8_bpreshuffle_256x64x128x256_16x16_16x16_16x16x1_16x16x1_1x16x1x16_8x8x1_1x2_intrawave_v3,304.52,431.21,0.0
gfx942,80,4096,640,2560,torch.float8_e4m3fnuz,ck,0,0,39.8065,a8w8_bpreshuffle_256x128x128x128_16x16_16x16_8x32x1_8x32x1_1x32x1x8_8x8x1_2x1_intrawave_v3,337.18,436.29,0.0
gfx942,80,8192,640,2560,torch.float8_e4m3fnuz,ck,0,0,74.475,a8w8_bpreshuffle_256x128x128x128_16x16_16x16_8x32x1_8x32x1_1x32x1x8_8x8x1_2x1_intrawave_v3,360.44,444.39,0.0
gfx942,80,16384,640,2560,torch.float8_e4m3fnuz,ck,70,0,142.8205,a8w8_bpreshuffle_256x128x128x128_16x16_16x16_8x32x1_8x32x1_1x32x1x8_8x8x1_2x1_intrawave_v3,375.91,451.99,0.0
gfx942,80,1,2560,320,torch.float8_e4m3fnuz,cktile,150,0,4.938,a8w8_bpreshuffle_cktile_0x0x8x4x1x0x0x0x0x4_16x64x256_1x4x1_16x16x64_default,0.33,167.0,0.0
gfx942,80,1,2560,3072,torch.float8_e4m3fnuz,cktile,2,0,7.1662,a8w8_bpreshuffle_cktile_0x0x8x4x1x0x0x0x0x1_16x64x512_1x4x1_16x16x64_default,2.19,1098.56,0.0
gfx942,80,2,2560,320,torch.float8_e4m3fnuz,cktile,30,0,5.5586,a8w8_bpreshuffle_cktile_0x0x8x4x1x0x0x0x0x2_16x64x512_1x4x1_16x16x64_default,0.59,149.33,0.0
gfx942,80,2,2560,3072,torch.float8_e4m3fnuz,cktile,30,0,7.1765,a8w8_bpreshuffle_cktile_0x0x8x4x1x0x0x0x0x2_16x64x512_1x4x1_16x16x64_default,4.38,1098.13,0.0
gfx942,80,4,2560,320,torch.float8_e4m3fnuz,cktile,149,0,5.1216,a8w8_bpreshuffle_cktile_0x0x8x4x1x0x0x0x0x3_16x64x256_1x4x1_16x16x64_default,1.28,164.2,0.0
gfx942,80,4,2560,3072,torch.float8_e4m3fnuz,cktile,2,0,7.2137,a8w8_bpreshuffle_cktile_0x0x8x4x1x0x0x0x0x1_16x64x512_1x4x1_16x16x64_default,8.72,1094.73,0.0
gfx942,80,8,2560,320,torch.float8_e4m3fnuz,cktile,33,0,5.3266,a8w8_bpreshuffle_cktile_0x0x8x4x1x0x0x0x0x2_16x64x256_1x4x1_16x16x64_default,2.46,161.96,0.0
gfx942,80,8,2560,3072,torch.float8_e4m3fnuz,cktile,143,0,7.3008,a8w8_bpreshuffle_cktile_0x0x8x4x1x0x0x0x0x3_16x64x512_1x4x1_16x16x64_default,17.23,1086.16,0.0
gfx942,80,16,2560,320,torch.float8_e4m3fnuz,cktile,150,0,5.552,a8w8_bpreshuffle_cktile_0x0x8x4x1x0x0x0x0x4_16x64x256_1x4x1_16x16x64_default,4.72,163.23,0.0
gfx942,80,16,2560,3072,torch.float8_e4m3fnuz,ck,10,0,6.405,a8w8_bpreshuffle_128x16x32x512_16x16_16x16_32x4x1_32x4x1_1x16x1x8_4x4x1_1x1_intrawave_v1,39.29,1248.3,0.0
gfx942,80,32,2560,320,torch.float8_e4m3fnuz,cktile,149,0,5.8221,a8w8_bpreshuffle_cktile_0x0x8x4x1x0x0x0x0x3_16x64x256_1x4x1_16x16x64_default,9.01,170.61,0.0
gfx942,80,32,2560,3072,torch.float8_e4m3fnuz,ck,5,0,7.3214,a8w8_bpreshuffle_256x16x64x512_16x16_16x16_32x8x1_32x8x1_1x16x1x16_4x4x1_1x1_intrawave_v1,68.75,1109.96,0.0
gfx942,80,64,2560,320,torch.float8_e4m3fnuz,cktile,31,0,7.1423,a8w8_bpreshuffle_cktile_0x0x8x4x1x0x0x0x0x2_16x128x512_1x4x1_16x16x64_default,14.68,163.44,0.0
gfx942,80,64,2560,3072,torch.float8_e4m3fnuz,ck,12,0,9.643,a8w8_bpreshuffle_256x32x64x512_16x16_16x16_32x8x1_32x8x1_1x32x1x8_8x8x1_1x2_intrawave_v1,104.39,869.92,0.0
gfx942,80,128,2560,320,torch.float8_e4m3fnuz,cktile,35,0,7.9595,a8w8_bpreshuffle_cktile_0x0x8x4x1x0x0x0x0x2_16x256x256_1x4x1_16x16x64_default,26.35,190.4,0.0
gfx942,80,128,2560,3072,torch.float8_e4m3fnuz,cktile,37,0,12.0738,a8w8_bpreshuffle_cktile_0x0x8x4x1x0x0x0x0x2_32x64x512_1x4x1_16x16x64_default,166.75,738.2,0.0
gfx942,80,256,2560,320,torch.float8_e4m3fnuz,ck,73,0,10.0429,a8w8_bpreshuffle_256x32x256x64_16x16_16x16_4x32x1_4x64x1_1x32x1x8_8x8x1_2x1_intrawave_v1,41.76,220.24,0.0
gfx942,80,256,2560,3072,torch.float8_e4m3fnuz,ck,121,0,16.9367,a8w8_bpreshuffle_256x64x128x256_16x16_16x16_16x16x1_16x16x1_1x16x1x16_8x8x1_1x2_intrawave_v3,237.74,588.16,0.0
gfx942,80,512,2560,320,torch.float8_e4m3fnuz,ck,73,0,9.4055,a8w8_bpreshuffle_256x32x256x64_16x16_16x16_4x32x1_4x64x1_1x32x1x8_8x8x1_2x1_intrawave_v1,89.19,383.23,0.0
gfx942,80,512,2560,3072,torch.float8_e4m3fnuz,ck,121,0,24.9442,a8w8_bpreshuffle_256x64x128x256_16x16_16x16_16x16x1_16x16x1_1x16x1x16_8x8x1_1x2_intrawave_v3,322.84,483.42,0.0
gfx942,80,1024,2560,320,torch.float8_e4m3fnuz,ck,73,0,13.061,a8w8_bpreshuffle_256x32x256x64_16x16_16x16_4x32x1_4x64x1_1x32x1x8_8x8x1_2x1_intrawave_v1,128.45,489.22,0.0
gfx942,80,1024,2560,3072,torch.float8_e4m3fnuz,ck,0,0,44.4976,a8w8_bpreshuffle_256x128x128x128_16x16_16x16_8x32x1_8x32x1_1x32x1x8_8x8x1_2x1_intrawave_v3,361.95,365.25,0.0
gfx942,80,2048,2560,320,torch.float8_e4m3fnuz,ck,72,0,22.7401,a8w8_bpreshuffle_256x64x256x64_16x16_16x16_4x64x1_4x64x1_1x16x1x16_8x8x1_1x2_intrawave_v1,147.56,525.96,0.0
gfx942,80,2048,2560,3072,torch.float8_e4m3fnuz,ck,0,0,82.4697,a8w8_bpreshuffle_256x128x128x128_16x16_16x16_8x32x1_8x32x1_1x32x1x8_8x8x1_2x1_intrawave_v3,390.6,298.8,0.0
gfx942,80,4096,2560,320,torch.float8_e4m3fnuz,cktile,38,0,38.4041,a8w8_bpreshuffle_cktile_0x0x8x4x1x0x0x0x0x2_64x256x64_1x4x1_16x16x64_default,174.74,601.54,0.0
gfx942,80,4096,2560,3072,torch.float8_e4m3fnuz,cktile,71,0,155.0727,a8w8_bpreshuffle_cktile_0x0x8x4x1x0x0x0x0x2_64x256x64_1x4x1_16x16x64_default,415.45,267.09,0.0
gfx942,80,8192,2560,320,torch.float8_e4m3fnuz,cktile,71,0,71.3609,a8w8_bpreshuffle_cktile_0x0x8x4x1x0x0x0x0x2_64x256x64_1x4x1_16x16x64_default,188.08,635.97,0.0
gfx942,80,8192,2560,3072,torch.float8_e4m3fnuz,cktile,71,0,300.5287,a8w8_bpreshuffle_cktile_0x0x8x4x1x0x0x0x0x2_64x256x64_1x4x1_16x16x64_default,428.74,249.47,0.0
gfx942,80,16384,2560,320,torch.float8_e4m3fnuz,ck,72,0,142.0854,a8w8_bpreshuffle_256x64x256x64_16x16_16x16_4x64x1_4x64x1_1x16x1x16_8x8x1_1x2_intrawave_v1,188.93,633.06,0.0
gfx942,80,16384,2560,3072,torch.float8_e4m3fnuz,cktile,71,0,590.2647,a8w8_bpreshuffle_cktile_0x0x8x4x1x0x0x0x0x2_64x256x64_1x4x1_16x16x64_default,436.58,240.71,0.0
gfx942,80,1,6656,2560,torch.float8_e4m3fnuz,ck,10,0,8.017,a8w8_bpreshuffle_128x16x32x512_16x16_16x16_32x4x1_32x4x1_1x16x1x8_4x4x1_1x1_intrawave_v1,4.25,2127.38,0.0
gfx942,80,2,6656,2560,torch.float8_e4m3fnuz,ck,10,0,8.0522,a8w8_bpreshuffle_128x16x32x512_16x16_16x16_32x4x1_32x4x1_1x16x1x8_4x4x1_1x1_intrawave_v1,8.46,2120.05,0.0
gfx942,80,4,6656,2560,torch.float8_e4m3fnuz,ck,10,0,8.1083,a8w8_bpreshuffle_128x16x32x512_16x16_16x16_32x4x1_32x4x1_1x16x1x8_4x4x1_1x1_intrawave_v1,16.81,2109.3,0.0
gfx942,80,8,6656,2560,torch.float8_e4m3fnuz,ck,10,0,8.212,a8w8_bpreshuffle_128x16x32x512_16x16_16x16_32x4x1_32x4x1_1x16x1x8_4x4x1_1x1_intrawave_v1,33.2,2090.4,0.0
gfx942,80,16,6656,2560,torch.float8_e4m3fnuz,ck,24,0,8.3868,a8w8_bpreshuffle_128x16x32x512_16x16_16x16_32x4x1_32x4x1_1x16x1x8_4x4x1_1x1_intrawave_v2,65.01,2061.97,0.0
gfx942,80,32,6656,2560,torch.float8_e4m3fnuz,ck,119,0,10.5884,a8w8_bpreshuffle_256x32x128x256_16x16_16x16_16x16x1_16x16x1_1x16x1x16_8x8x1_1x2_intrawave_v1,102.99,1657.22,0.0
gfx942,80,64,6656,2560,torch.float8_e4m3fnuz,ck,121,0,14.2317,a8w8_bpreshuffle_256x64x128x256_16x16_16x16_16x16x1_16x16x1_1x16x1x16_8x8x1_1x2_intrawave_v3,153.25,1268.66,0.0
gfx942,80,128,6656,2560,torch.float8_e4m3fnuz,ck,120,0,19.5324,a8w8_bpreshuffle_256x48x128x256_16x16_16x16_16x16x1_16x16x1_1x16x1x16_8x8x1_1x2_intrawave_v1,223.33,976.38,0.0
gfx942,80,256,6656,2560,torch.float8_e4m3fnuz,ck,86,0,30.1503,a8w8_bpreshuffle_256x96x128x128_16x16_16x16_8x32x1_8x32x1_1x32x1x8_8x8x1_2x1_intrawave_v3,289.36,699.91,0.0
gfx942,80,512,6656,2560,torch.float8_e4m3fnuz,ck,70,0,54.3592,a8w8_bpreshuffle_256x128x128x128_16x16_16x16_8x32x1_8x32x1_1x32x1x8_8x8x1_2x1_intrawave_v3,320.98,462.95,0.0
gfx942,80,1024,6656,2560,torch.float8_e4m3fnuz,cktile,175,0,94.9408,a8w8_bpreshuffle_cktile_0x0x8x4x1x0x0x0x0x3_64x128x128_1x4x1_16x16x64_default,367.56,350.66,0.0
gfx942,80,2048,6656,2560,torch.float8_e4m3fnuz,cktile,175,0,171.8819,a8w8_bpreshuffle_cktile_0x0x8x4x1x0x0x0x0x3_64x128x128_1x4x1_16x16x64_default,406.05,288.25,0.0
gfx942,80,4096,6656,2560,torch.float8_e4m3fnuz,cktile,71,0,325.16,a8w8_bpreshuffle_cktile_0x0x8x4x1x0x0x0x0x2_64x256x64_1x4x1_16x16x64_default,429.29,252.34,0.0
gfx942,80,8192,6656,2560,torch.float8_e4m3fnuz,cktile,71,0,629.4347,a8w8_bpreshuffle_cktile_0x0x8x4x1x0x0x0x0x2_64x256x64_1x4x1_16x16x64_default,443.53,233.64,0.0
gfx942,80,16384,6656,2560,torch.float8_e4m3fnuz,cktile,71,0,1242.8436,a8w8_bpreshuffle_cktile_0x0x8x4x1x0x0x0x0x2_64x256x64_1x4x1_16x16x64_default,449.25,222.95,0.0
gfx942,80,1,8192,2560,torch.float8_e4m3fnuz,ck,19,0,8.4211,a8w8_bpreshuffle_256x16x64x512_16x16_16x16_32x8x1_32x8x1_1x16x1x16_4x4x1_1x1_intrawave_v2,4.98,2492.6,0.0
gfx942,80,2,8192,2560,torch.float8_e4m3fnuz,ck,19,0,8.4186,a8w8_bpreshuffle_256x16x64x512_16x16_16x16_32x8x1_32x8x1_1x16x1x16_4x4x1_1x1_intrawave_v2,9.96,2495.59,0.0
gfx942,80,4,8192,2560,torch.float8_e4m3fnuz,ck,19,0,8.7246,a8w8_bpreshuffle_256x16x64x512_16x16_16x16_32x8x1_32x8x1_1x16x1x16_4x4x1_1x1_intrawave_v2,19.23,2412.41,0.0
gfx942,80,8,8192,2560,torch.float8_e4m3fnuz,ck,19,0,8.8685,a8w8_bpreshuffle_256x16x64x512_16x16_16x16_32x8x1_32x8x1_1x16x1x16_4x4x1_1x1_intrawave_v2,37.84,2381.81,0.0
gfx942,80,16,8192,2560,torch.float8_e4m3fnuz,ck,25,0,9.2268,a8w8_bpreshuffle_256x16x64x512_16x16_16x16_32x8x1_32x8x1_1x16x1x16_4x4x1_1x1_intrawave_v2,72.73,2305.74,0.0
gfx942,80,32,8192,2560,torch.float8_e4m3fnuz,ck,119,0,11.3265,a8w8_bpreshuffle_256x32x128x256_16x16_16x16_16x16x1_16x16x1_1x16x1x16_8x8x1_1x2_intrawave_v1,118.5,1905.07,0.0
gfx942,80,64,8192,2560,torch.float8_e4m3fnuz,ck,121,0,14.5264,a8w8_bpreshuffle_256x64x128x256_16x16_16x16_16x16x1_16x16x1_1x16x1x16_8x8x1_1x2_intrawave_v3,184.79,1527.15,0.0
gfx942,80,128,8192,2560,torch.float8_e4m3fnuz,ck,121,0,22.1973,a8w8_bpreshuffle_256x64x128x256_16x16_16x16_16x16x1_16x16x1_1x16x1x16_8x8x1_1x2_intrawave_v3,241.86,1054.02,0.0
gfx942,80,256,8192,2560,torch.float8_e4m3fnuz,ck,70,0,37.7645,a8w8_bpreshuffle_256x128x128x128_16x16_16x16_8x32x1_8x32x1_1x32x1x8_8x8x1_2x1_intrawave_v3,284.33,683.74,0.0
gfx942,80,512,8192,2560,torch.float8_e4m3fnuz,ck,85,0,64.745,a8w8_bpreshuffle_256x64x128x128_16x16_16x16_8x32x1_8x32x1_1x32x1x8_8x8x1_2x1_intrawave_v3,331.68,473.72,0.0
gfx942,80,1024,8192,2560,torch.float8_e4m3fnuz,cktile,175,0,112.7453,a8w8_bpreshuffle_cktile_0x0x8x4x1x0x0x0x0x3_64x128x128_1x4x1_16x16x64_default,380.94,358.07,0.0
gfx942,80,2048,8192,2560,torch.float8_e4m3fnuz,ck,70,0,207.2743,a8w8_bpreshuffle_256x128x128x128_16x16_16x16_8x32x1_8x32x1_1x32x1x8_8x8x1_2x1_intrawave_v3,414.42,288.36,0.0
gfx942,80,4096,8192,2560,torch.float8_e4m3fnuz,cktile,71,0,398.7426,a8w8_bpreshuffle_cktile_0x0x8x4x1x0x0x0x0x2_64x256x64_1x4x1_16x16x64_default,430.85,247.19,0.0
gfx942,80,8192,8192,2560,torch.float8_e4m3fnuz,cktile,71,0,778.7106,a8w8_bpreshuffle_cktile_0x0x8x4x1x0x0x0x0x2_64x256x64_1x4x1_16x16x64_default,441.24,226.22,0.0
gfx942,80,16384,8192,2560,torch.float8_e4m3fnuz,cktile,71,0,1529.0987,a8w8_bpreshuffle_cktile_0x0x8x4x1x0x0x0x0x2_64x256x64_1x4x1_16x16x64_default,449.41,216.7,0.0
