gfx,cu_num,M,N,K,bias,dtype,outdtype,scaleAB,bpreshuffle,libtype,solidx,splitK,us,kernelName,err_ratio,tflops,bw
gfx1250,256,1,7168,6144,False,torch.bfloat16,torch.bfloat16,False,False,opus,20000,2,11.8157,opus_gemm_gfx1250_splitk_cluster_tdm_ws_128x16x32x128_1x2_16x16x32_0x0x0_p3w2,0.0,7.45,7456.77
gfx1250,256,1,7168,12288,False,torch.bfloat16,torch.bfloat16,False,False,opus,20000,2,18.5061,opus_gemm_gfx1250_splitk_cluster_tdm_ws_128x16x32x128_1x2_16x16x32_0x0x0_p3w2,0.0,9.52,9521.17
gfx1250,256,1,7168,33792,False,torch.bfloat16,torch.bfloat16,False,False,opus,20000,2,41.359,opus_gemm_gfx1250_splitk_cluster_tdm_ws_128x16x32x128_1x2_16x16x32_0x0x0_p3w2,0.0,11.71,11715.08
gfx1250,256,2,7168,6144,False,torch.bfloat16,torch.bfloat16,False,False,opus,20000,2,11.9606,opus_gemm_gfx1250_splitk_cluster_tdm_ws_128x16x32x128_1x2_16x16x32_0x0x0_p3w2,0.0,14.73,7368.66
gfx1250,256,2,7168,12288,False,torch.bfloat16,torch.bfloat16,False,False,opus,20000,2,18.4165,opus_gemm_gfx1250_splitk_cluster_tdm_ws_128x16x32x128_1x2_16x16x32_0x0x0_p3w2,0.0,19.13,9569.6
gfx1250,256,2,7168,33792,False,torch.bfloat16,torch.bfloat16,False,False,opus,20000,2,41.0289,opus_gemm_gfx1250_splitk_cluster_tdm_ws_128x16x32x128_1x2_16x16x32_0x0x0_p3w2,0.0,23.61,11811.33
gfx1250,256,4,7168,6144,False,torch.bfloat16,torch.bfloat16,False,False,opus,20000,2,11.7151,opus_gemm_gfx1250_splitk_cluster_tdm_ws_128x16x32x128_1x2_16x16x32_0x0x0_p3w2,0.0,30.07,7527.63
gfx1250,256,4,7168,12288,False,torch.bfloat16,torch.bfloat16,False,False,opus,20000,2,18.466,opus_gemm_gfx1250_splitk_cluster_tdm_ws_128x16x32x128_1x2_16x16x32_0x0x0_p3w2,0.0,38.16,9548.17
gfx1250,256,4,7168,33792,False,torch.bfloat16,torch.bfloat16,False,False,opus,20000,2,41.5359,opus_gemm_gfx1250_splitk_cluster_tdm_ws_128x16x32x128_1x2_16x16x32_0x0x0_p3w2,0.0,46.65,11671.1
gfx1250,256,8,7168,6144,False,torch.bfloat16,torch.bfloat16,False,False,opus,20000,2,12.0417,opus_gemm_gfx1250_splitk_cluster_tdm_ws_128x16x32x128_1x2_16x16x32_0x0x0_p3w2,0.0,58.52,7332.3
gfx1250,256,8,7168,12288,False,torch.bfloat16,torch.bfloat16,False,False,opus,20000,2,18.5746,opus_gemm_gfx1250_splitk_cluster_tdm_ws_128x16x32x128_1x2_16x16x32_0x0x0_p3w2,0.0,75.87,9500.72
gfx1250,256,8,7168,33792,False,torch.bfloat16,torch.bfloat16,False,False,opus,20000,2,41.4481,opus_gemm_gfx1250_splitk_cluster_tdm_ws_128x16x32x128_1x2_16x16x32_0x0x0_p3w2,0.0,93.5,11703.73
gfx1250,256,16,7168,6144,False,torch.bfloat16,torch.bfloat16,False,False,opus,20000,2,12.1953,opus_gemm_gfx1250_splitk_cluster_tdm_ws_128x16x32x128_1x2_16x16x32_0x0x0_p3w2,0.0,115.56,7257.42
gfx1250,256,16,7168,12288,False,torch.bfloat16,torch.bfloat16,False,False,opus,20000,2,18.5274,opus_gemm_gfx1250_splitk_cluster_tdm_ws_128x16x32x128_1x2_16x16x32_0x0x0_p3w2,0.0,152.13,9541.73
gfx1250,256,16,7168,33792,False,torch.bfloat16,torch.bfloat16,False,False,opus,20000,2,42.9542,opus_gemm_gfx1250_splitk_cluster_tdm_ws_128x16x32x128_1x2_16x16x32_0x0x0_p3w2,0.0,180.45,11308.62
gfx1250,256,32,7168,6144,False,torch.bfloat16,torch.bfloat16,False,False,opus,20005,2,12.656,opus_gemm_gfx1250_splitk_cluster_tdm_ws_128x32x32x128_2x1_16x16x32_0x0x0_p3w2,0.0,222.71,7026.89
gfx1250,256,32,7168,12288,False,torch.bfloat16,torch.bfloat16,False,False,opus,20005,2,22.4996,opus_gemm_gfx1250_splitk_cluster_tdm_ws_128x32x32x128_2x1_16x16x32_0x0x0_p3w2,0.0,250.54,7884.85
gfx1250,256,32,7168,33792,False,torch.bfloat16,torch.bfloat16,False,False,opus,20005,2,47.2817,opus_gemm_gfx1250_splitk_cluster_tdm_ws_128x32x32x128_2x1_16x16x32_0x0x0_p3w2,0.0,327.87,10301.31
gfx1250,256,64,7168,6144,False,torch.bfloat16,torch.bfloat16,False,False,opus,21311,0,14.5034,opus_gemm_gfx1250_4wave_wl_co_128x32x64x256_4x1_16x16x32_0x0x0_w1x4_c1x1_p3_v1024w1,0.0,388.68,6190.57
gfx1250,256,64,7168,12288,False,torch.bfloat16,torch.bfloat16,False,False,opus,21314,0,25.6796,opus_gemm_gfx1250_4wave_wl_co_128x32x64x256_4x1_16x16x32_0x0x0_w1x4_c2x2_p3_v1024w1,0.0,439.04,6956.93
gfx1250,256,64,7168,33792,False,torch.bfloat16,torch.bfloat16,False,False,opus,20006,2,60.2327,opus_gemm_gfx1250_splitk_cluster_tdm_ws_128x32x64x128_2x1_16x16x32_0x0x0_p3w2,0.0,514.74,8129.89
gfx1250,256,128,7168,6144,False,torch.bfloat16,torch.bfloat16,False,False,opus,21307,0,15.6985,opus_gemm_gfx1250_4wave_wl_co_128x64x64x256_4x1_16x16x32_0x0x0_w2x2_c1x4_p3_v1024w1,0.0,718.18,5827.83
gfx1250,256,128,7168,12288,False,torch.bfloat16,torch.bfloat16,False,False,opus,21307,0,29.6017,opus_gemm_gfx1250_4wave_wl_co_128x64x64x256_4x1_16x16x32_0x0x0_w2x2_c1x4_p3_v1024w1,0.0,761.73,6119.29
gfx1250,256,128,7168,33792,False,torch.bfloat16,torch.bfloat16,False,False,opus,21306,0,73.3872,opus_gemm_gfx1250_4wave_wl_co_128x64x64x256_4x1_16x16x32_0x0x0_w2x2_c1x1_p3_v1024w1,0.0,844.95,6744.06
gfx1250,256,256,7168,6144,False,torch.bfloat16,torch.bfloat16,False,False,opus,21242,0,25.6718,opus_gemm_gfx1250_4wave_co_128x128x64x128_4x1_16x16x32_0x0x0_c1x3_p3_v1024w1,0.0,878.34,3696.51
gfx1250,256,256,7168,12288,False,torch.bfloat16,torch.bfloat16,False,False,opus,21268,0,47.3696,opus_gemm_gfx1250_4wave_wl_co_128x64x128x128_4x1_16x16x32_0x0x0_w2x2_c4x1_p3_v1024w1,0.0,952.03,3929.15
gfx1250,256,256,7168,33792,False,torch.bfloat16,torch.bfloat16,False,False,opus,21268,0,119.9844,opus_gemm_gfx1250_4wave_wl_co_128x64x128x128_4x1_16x16x32_0x0x0_w2x2_c4x1_p3_v1024w1,0.0,1033.61,4212.33
gfx1250,256,512,7168,6144,False,torch.bfloat16,torch.bfloat16,False,False,opus,21166,0,30.1236,opus_gemm_gfx1250_4wave_wl_co_128x128x128x128_4x1_16x16x32_0x0x0_w2x2_c1x4_p3_v1024w1,0.0,1497.07,3376.48
gfx1250,256,512,7168,12288,False,torch.bfloat16,torch.bfloat16,False,False,opus,21172,0,56.8177,opus_gemm_gfx1250_4wave_wl_co_128x128x192x128_4x1_16x16x32_0x0x0_w2x2_c4x1_p3_v1024w1,0.0,1587.43,3451.1
gfx1250,256,512,7168,33792,False,torch.bfloat16,torch.bfloat16,False,False,opus,21172,0,146.43,opus_gemm_gfx1250_4wave_wl_co_128x128x192x128_4x1_16x16x32_0x0x0_w2x2_c4x1_p3_v1024w1,0.0,1693.88,3594.79
gfx1250,256,1024,7168,6144,False,torch.bfloat16,torch.bfloat16,False,False,opus,21179,0,41.7337,opus_gemm_gfx1250_4wave_wl_co_128x128x256x128_4x1_16x16x32_0x0x0_w2x2_c4x4_p3_v1024w1,0.0,2161.19,2763.79
gfx1250,256,1024,7168,12288,False,torch.bfloat16,torch.bfloat16,False,False,opus,21179,0,78.0783,opus_gemm_gfx1250_4wave_wl_co_128x128x256x128_4x1_16x16x32_0x0x0_w2x2_c4x4_p3_v1024w1,0.0,2310.36,2766.54
gfx1250,256,1024,7168,33792,False,torch.bfloat16,torch.bfloat16,False,False,opus,21179,0,246.9276,opus_gemm_gfx1250_4wave_wl_co_128x128x256x128_4x1_16x16x32_0x0x0_w2x2_c4x4_p3_v1024w1,0.0,2008.96,2301.6
gfx1250,256,2048,7168,6144,False,torch.bfloat16,torch.bfloat16,False,False,opus,21317,0,74.3946,opus_gemm_gfx1250_4wave_wlr_co_128x256x256x64_4x1_16x16x32_0x0x0_w2x2_c4x4_p4_v1024w1,0.0,2424.75,1916.89
gfx1250,256,2048,7168,12288,False,torch.bfloat16,torch.bfloat16,False,False,opus,21317,0,156.3111,opus_gemm_gfx1250_4wave_wlr_co_128x256x256x64_4x1_16x16x32_0x0x0_w2x2_c4x4_p4_v1024w1,0.0,2308.07,1636.82
gfx1250,256,2048,7168,33792,False,torch.bfloat16,torch.bfloat16,False,False,triton,0,0,461.5049,auto,0.0,2149.79,1413.23
gfx1250,256,4096,7168,6144,False,torch.bfloat16,torch.bfloat16,False,False,opus,21317,0,149.199,opus_gemm_gfx1250_4wave_wlr_co_128x256x256x64_4x1_16x16x32_0x0x0_w2x2_c4x4_p4_v1024w1,0.0,2418.09,1321.27
gfx1250,256,4096,7168,12288,False,torch.bfloat16,torch.bfloat16,False,False,opus,21316,0,301.3011,opus_gemm_gfx1250_4wave_wlr_co_128x256x256x64_4x1_16x16x32_0x0x0_w4x1_c4x4_p4_v1024w1,0.0,2394.8,1113.65
gfx1250,256,4096,7168,33792,False,torch.bfloat16,torch.bfloat16,False,False,opus,21179,0,968.6409,opus_gemm_gfx1250_4wave_wl_co_128x128x256x128_4x1_16x16x32_0x0x0_w2x2_c4x4_p3_v1024w1,0.0,2048.51,846.53
gfx1250,256,8192,7168,6144,False,torch.bfloat16,torch.bfloat16,False,False,opus,21317,0,294.1782,opus_gemm_gfx1250_4wave_wlr_co_128x256x256x64_4x1_16x16x32_0x0x0_w2x2_c4x4_p4_v1024w1,0.0,2452.78,1040.81
gfx1250,256,8192,7168,12288,False,torch.bfloat16,torch.bfloat16,False,False,opus,21317,0,649.1073,opus_gemm_gfx1250_4wave_wlr_co_128x256x256x64_4x1_16x16x32_0x0x0_w2x2_c4x4_p4_v1024w1,0.0,2223.22,762.47
gfx1250,256,8192,7168,33792,False,torch.bfloat16,torch.bfloat16,False,False,opus,21177,0,1782.0323,opus_gemm_gfx1250_4wave_wl_co_128x128x256x128_4x1_16x16x32_0x0x0_w2x2_c4x1_p3_v1024w1,0.0,2226.98,648.43
gfx1250,256,16384,7168,6144,False,torch.bfloat16,torch.bfloat16,False,False,opus,21317,0,635.8348,opus_gemm_gfx1250_4wave_wlr_co_128x256x256x64_4x1_16x16x32_0x0x0_w2x2_c4x4_p4_v1024w1,0.0,2269.63,824.57
gfx1250,256,16384,7168,12288,False,torch.bfloat16,torch.bfloat16,False,False,opus,21317,0,1234.4702,opus_gemm_gfx1250_4wave_wlr_co_128x256x256x64_4x1_16x16x32_0x0x0_w2x2_c4x4_p4_v1024w1,0.0,2338.02,659.15
gfx1250,256,16384,7168,33792,False,torch.bfloat16,torch.bfloat16,False,False,opus,21179,0,3638.8274,opus_gemm_gfx1250_4wave_wl_co_128x128x256x128_4x1_16x16x32_0x0x0_w2x2_c4x4_p3_v1024w1,0.0,2181.22,501.98
gfx1250,256,1,12288,7168,False,torch.bfloat16,torch.bfloat16,False,False,opus,20003,2,15.9131,opus_gemm_gfx1250_splitk_cluster_tdm_ws_128x16x64x128_1x2_16x16x32_0x0x0_p3w2,0.0,11.07,11072.62
gfx1250,256,2,12288,7168,False,torch.bfloat16,torch.bfloat16,False,False,opus,20003,2,15.8612,opus_gemm_gfx1250_splitk_cluster_tdm_ws_128x16x64x128_1x2_16x16x32_0x0x0_p3w2,0.0,22.21,11111.3
gfx1250,256,4,12288,7168,False,torch.bfloat16,torch.bfloat16,False,False,opus,20003,2,15.8373,opus_gemm_gfx1250_splitk_cluster_tdm_ws_128x16x64x128_1x2_16x16x32_0x0x0_p3w2,0.0,44.49,11132.98
gfx1250,256,8,12288,7168,False,torch.bfloat16,torch.bfloat16,False,False,opus,20003,2,15.8457,opus_gemm_gfx1250_splitk_cluster_tdm_ws_128x16x64x128_1x2_16x16x32_0x0x0_p3w2,0.0,88.94,11136.91
gfx1250,256,16,12288,7168,False,torch.bfloat16,torch.bfloat16,False,False,opus,20003,2,16.2856,opus_gemm_gfx1250_splitk_cluster_tdm_ws_128x16x64x128_1x2_16x16x32_0x0x0_p3w2,0.0,173.07,10855.19
gfx1250,256,32,12288,7168,False,torch.bfloat16,torch.bfloat16,False,False,opus,21312,0,16.8925,opus_gemm_gfx1250_4wave_wl_co_128x32x64x256_4x1_16x16x32_0x0x0_w1x4_c1x4_p3_v1024w1,0.0,333.71,10502.05
gfx1250,256,64,12288,7168,False,torch.bfloat16,torch.bfloat16,False,False,opus,21307,0,18.8558,opus_gemm_gfx1250_4wave_wl_co_128x64x64x256_4x1_16x16x32_0x0x0_w2x2_c1x4_p3_v1024w1,0.0,597.92,9474.6
gfx1250,256,128,12288,7168,False,torch.bfloat16,torch.bfloat16,False,False,opus,21240,0,29.9959,opus_gemm_gfx1250_4wave_co_128x128x64x128_4x1_16x16x32_0x0x0_c1x1_p3_v1024w1,0.0,751.72,6038.88
gfx1250,256,256,12288,7168,False,torch.bfloat16,torch.bfloat16,False,False,opus,21132,0,34.5402,opus_gemm_gfx1250_4wave_wl_co_128x64x192x128_4x1_16x16x32_0x0x0_w2x2_c4x1_p3_v1024w1,0.0,1305.64,5388.57
gfx1250,256,512,12288,7168,False,torch.bfloat16,torch.bfloat16,False,False,opus,21179,0,45.3013,opus_gemm_gfx1250_4wave_wl_co_128x128x256x128_4x1_16x16x32_0x0x0_w2x2_c4x4_p3_v1024w1,0.0,1990.99,4328.43
gfx1250,256,1024,12288,7168,False,torch.bfloat16,torch.bfloat16,False,False,opus,21317,0,81.2086,opus_gemm_gfx1250_4wave_wlr_co_128x256x256x64_4x1_16x16x32_0x0x0_w2x2_c4x4_p4_v1024w1,0.0,2221.3,2659.9
gfx1250,256,2048,12288,7168,False,torch.bfloat16,torch.bfloat16,False,False,opus,21317,0,154.6182,opus_gemm_gfx1250_4wave_wlr_co_128x256x256x64_4x1_16x16x32_0x0x0_w2x2_c4x4_p4_v1024w1,0.0,2333.34,1654.74
gfx1250,256,4096,12288,7168,False,torch.bfloat16,torch.bfloat16,False,False,opus,21317,0,279.9944,opus_gemm_gfx1250_4wave_wlr_co_128x256x256x64_4x1_16x16x32_0x0x0_w2x2_c4x4_p4_v1024w1,0.0,2577.03,1198.4
gfx1250,256,8192,12288,7168,False,torch.bfloat16,torch.bfloat16,False,False,opus,21316,0,604.4169,opus_gemm_gfx1250_4wave_wlr_co_128x256x256x64_4x1_16x16x32_0x0x0_w4x1_c4x4_p4_v1024w1,0.0,2387.61,818.85
gfx1250,256,16384,12288,7168,False,torch.bfloat16,torch.bfloat16,False,False,opus,21317,0,1217.3023,opus_gemm_gfx1250_4wave_wlr_co_128x256x256x64_4x1_16x16x32_0x0x0_w2x2_c4x4_p4_v1024w1,0.0,2371.0,668.44
gfx1250,256,1,67584,7168,False,torch.bfloat16,torch.bfloat16,False,False,triton,0,0,70.9817,auto,0.0,13.65,13651.88
gfx1250,256,2,67584,7168,False,torch.bfloat16,torch.bfloat16,False,False,triton,0,0,72.1205,auto,0.0,26.87,13438.39
gfx1250,256,4,67584,7168,False,torch.bfloat16,torch.bfloat16,False,False,triton,0,0,71.8903,auto,0.0,53.91,13485.58
gfx1250,256,8,67584,7168,False,torch.bfloat16,torch.bfloat16,False,False,triton,0,0,73.2664,auto,0.0,105.79,13240.45
gfx1250,256,16,67584,7168,False,torch.bfloat16,torch.bfloat16,False,False,opus,20004,2,76.4012,opus_gemm_gfx1250_splitk_cluster_tdm_ws_128x16x128x128_1x2_16x16x32_0x0x0_p3w1,0.0,202.9,12712.84
gfx1250,256,32,67584,7168,False,torch.bfloat16,torch.bfloat16,False,False,opus,21191,0,80.574,opus_gemm_gfx1250_4wave_wl_co_128x64x192x128_4x1_16x16x32_0x0x0_w1x4_c1x4_p3_v1024w1,0.0,384.79,12084.15
gfx1250,256,64,67584,7168,False,torch.bfloat16,torch.bfloat16,False,False,triton,0,0,77.8624,auto,0.0,796.39,12566.43
gfx1250,256,128,67584,7168,False,torch.bfloat16,torch.bfloat16,False,False,opus,21034,0,90.6342,opus_gemm_gfx1250_4wave_co_128x128x192x128_4x1_16x16x32_0x0x0_c1x3_p3_v1024w1,0.0,1368.33,10901.19
gfx1250,256,256,67584,7168,False,torch.bfloat16,torch.bfloat16,False,False,opus,21173,0,148.5518,opus_gemm_gfx1250_4wave_wl_co_128x128x192x128_4x1_16x16x32_0x0x0_w2x2_c2x2_p3_v1024w1,0.0,1669.68,6779.84
gfx1250,256,512,67584,7168,False,torch.bfloat16,torch.bfloat16,False,False,opus,21179,0,254.9339,opus_gemm_gfx1250_4wave_wl_co_128x128x256x128_4x1_16x16x32_0x0x0_w2x2_c4x4_p3_v1024w1,0.0,1945.87,4100.79
gfx1250,256,1024,67584,7168,False,torch.bfloat16,torch.bfloat16,False,False,opus,21179,0,448.9359,opus_gemm_gfx1250_4wave_wl_co_128x128x256x128_4x1_16x16x32_0x0x0_w2x2_c4x4_p3_v1024w1,0.0,2209.98,2499.19
gfx1250,256,2048,67584,7168,False,torch.bfloat16,torch.bfloat16,False,False,opus,21317,0,844.8379,opus_gemm_gfx1250_4wave_wlr_co_128x256x256x64_4x1_16x16x32_0x0x0_w2x2_c4x4_p4_v1024w1,0.0,2348.7,1509.25
gfx1250,256,4096,67584,7168,False,torch.bfloat16,torch.bfloat16,False,False,opus,21317,0,1669.267,opus_gemm_gfx1250_4wave_wlr_co_128x256x256x64_4x1_16x16x32_0x0x0_w2x2_c4x4_p4_v1024w1,0.0,2377.42,947.27
gfx1250,256,8192,67584,7168,False,torch.bfloat16,torch.bfloat16,False,False,opus,21317,0,3160.1518,opus_gemm_gfx1250_4wave_wlr_co_128x256x256x64_4x1_16x16x32_0x0x0_w2x2_c4x4_p4_v1024w1,0.0,2511.62,694.15
gfx1250,256,16384,67584,7168,False,torch.bfloat16,torch.bfloat16,False,False,opus,21317,0,6574.5983,opus_gemm_gfx1250_4wave_wlr_co_128x256x256x64_4x1_16x16x32_0x0x0_w2x2_c4x4_p4_v1024w1,0.0,2414.47,519.93
